ID,Country Name,Country Code,1994,1995,1996,1997,1998,1999,2000,2001,2002,2003,2004,2005,2006,2007,2008,2009,2010,2011,2012,2013,2014,Total
1,Aruba,ABW,1245688253,1320474860,1379960894,1531944134,1665100559,1722798883,1873452514,1920111732,1941340782,2021229050,2228491620,2330726257,2424581006,2615083799,2745251397,2498882682,2390502793,2549720670,2534636872,2581564246,2649720670,44171263673
2,Afghanistan,AFG,,,,,,,,,4055176933,4515563414,5226775163,6209140044,6971286732,9747886105,10109218068,12439087077,15856574731,17804280538,20001615789,20561054090,20484873230,1.53983E+11
3,Angola,AGO,4438321017,5538749260,7526446606,7648377413,6506229607,6152922943,9129594819,8936063723,15285594828,17812705294,23552052408,36970918699,52381006892,65266452081,88538611205,70307163678,83799496611,1.12E+11,1.28E+11,1.37E+11,1.46E+11,1.03279E+12
4,Albania,ALB,1880951520,2392764853,3199642580,2258515610,2545967253,3212119044,3480355189,3922099471,4348070165,5611492283,7184681399,8052075642,8896073938,10677321490,12881353508,12044208086,11926953214,12890866743,12319784886,12776280961,13228247844,1.5573E+11
5,Andorra,AND,1017549124,1178738991,1223945357,1180597273,1211932398,1239876305,1434429703,1496912752,1733116883,2398645598,2935659300,3255789081,3543256806,4016972351,4007353157,3660530703,3355695364,3442062830,3164615187,3281585236,3350736367,52130000766
6,Arab World,ARB,4.88E+11,5.24E+11,5.78E+11,6.13E+11,5.92E+11,6.44E+11,7.35E+11,7.23E+11,7.29E+11,8.23E+11,9.64E+11,1.19E+12,1.40E+12,1.64E+12,2.08E+12,1.80E+12,2.11E+12,2.50E+12,2.79E+12,2.87E+12,2.91E+12,2.8703E+13
7,United Arab Emirates,ARE,59305093980,65743666576,73571233996,78839008445,75674336283,84445473111,1.04E+11,1.03E+11,1.10E+11,1.24E+11,1.48E+11,1.81E+11,2.22E+11,2.58E+11,3.15E+11,2.54E+11,2.90E+11,3.51E+11,3.75E+11,3.90E+11,4.03E+11,4.06558E+12
8,Argentina,ARG,2.57E+11,2.58E+11,2.72E+11,2.93E+11,2.99E+11,2.84E+11,2.84E+11,2.69E+11,97724004252,1.28E+11,1.65E+11,1.99E+11,2.33E+11,2.88E+11,3.62E+11,3.33E+11,4.24E+11,5.30E+11,5.46E+11,5.52E+11,5.26E+11,6.59972E+12
9,Armenia,ARM,1315158670,1468317350,1596968913,1639492424,1893726437,1845482181,1911563665,2118467913,2376335048,2807061009,3576615240,4900469950,6384451606,9206301700,11662040714,8647936748,9260284938,10142111334,10619320049,11121465767,11609512940,1.16103E+11
10,American Samoa,ASM,,,,,,,,,514000000,527000000,512000000,503000000,496000000,520000000,563000000,678000000,576000000,574000000,644000000,641000000,643000000,7391000000
11,Antigua and Barbuda,ATG,589429592.6,577280740.7,633730629.6,680617111.1,727860592.6,766198925.9,830158777.8,800740259.3,814615333.3,855643111.1,919577148.1,1022191296,1157005444,1311401333,1368431037,1224253000,1152469074,1142042926,1211411704,1192919630,1275576778,20253554444
12,Australia,AUS,3.22E+11,3.67E+11,4.00E+11,4.35E+11,3.99E+11,3.89E+11,4.15E+11,3.78E+11,3.95E+11,4.66E+11,6.12E+11,6.93E+11,7.46E+11,8.53E+11,1.05E+12,9.28E+11,1.15E+12,1.40E+12,1.55E+12,1.58E+12,1.47E+12,1.5998E+13
13,Austria,AUT,2.04E+11,2.41E+11,2.37E+11,2.13E+11,2.18E+11,2.17E+11,1.97E+11,1.97E+11,2.13E+11,2.62E+11,3.01E+11,3.16E+11,3.36E+11,3.89E+11,4.30E+11,4.00E+11,3.92E+11,4.31E+11,4.09E+11,4.30E+11,4.42E+11,6.475E+12
14,Azerbaijan,AZE,3313939554,3052467522,3176703092,3962735257,4446370371,4581246713,5272617196,5707720391,6235856820,7276013032,8680370408,13245716099,20982986344,33050343783,48852482960,44291490421,52902703376,65951627200,69683935845,74164435946,75244294275,5.54076E+11
15,Burundi,BDI,925030590.2,1000428394,869033856.3,972896267.9,893770806.1,808077223.4,870486065.9,876794723.1,825394490.2,784654423.6,915257323.4,1117113046,1273375020,1356199365,1611835902,1781455092,2032135247,2235820868,2333308099,2451625333,2705783272,28640475408
16,Belgium,BEL,2.46E+11,2.90E+11,2.81E+11,2.55E+11,2.61E+11,2.60E+11,2.38E+11,2.38E+11,2.59E+11,3.19E+11,3.71E+11,3.87E+11,4.10E+11,4.72E+11,5.19E+11,4.85E+11,4.84E+11,5.27E+11,4.98E+11,5.21E+11,5.31E+11,7.852E+12
17,Benin,BEN,1598075932,2169627251,2361116588,2268301538,2455092582,2689787918,2569186643,2680213931,3054571082,3905366188,4521424807,4803702821,5142380779,5969535132,7132787397,7097198712,6970240895,7814081156,8152554487,9157355680,9707432016,1.0222E+11
18,Burkina Faso,BFA,1895290965,2379518099,2586550747,2447669404,2804902724,2993753187,2628920056,2812845514,3205592290,4205691222,4838551100,5462709498,5816310158,6771277871,8369637065,8369175126,8979966766,10724063458,11166063467,11947176342,12377391463,1.22783E+11
19,Bangladesh,BGD,33768660883,37939748769,46438484108,48244309133,49984559471,51270569884,53369787319,53991289844,54724081491,60158929188,65108544250,69442943089,71819083684,79611888213,91631278239,1.02E+11,1.15E+11,1.29E+11,1.33E+11,1.50E+11,1.73E+11,1.6695E+12
20,Bulgaria,BGR,9697416974,18867559524,12184935357,11211546465,14942172234,13531969309,13153016531,14075616789,16276456428,20982685981,25957970922,29636617750,34130122491,44411476557,54409138498,51884481410,50610058210,57418414504,53903022339,55555171010,56814543481,6.59654E+11
21,Bahrain,BHR,5567553457,5849467819,6101861436,6349202394,6183776596,6621010372,9062906915,8976207713,9632155053,11074822074,13150166755,15968726862,18505053191,21730000000,25710877660,22938218085,25713271277,28776595745,30749308511,32539547872,33387712766,3.44588E+11
22,"Bahamas, The",BHS,3259000000,3429000000,3609000000,6332360000,6833220000,7683870000,8076470000,8317830000,8881160000,8870090000,9055290000,9836200000,10167250000,10618340000,10526000000,9981960000,10095760000,10070450000,10720500000,10627600000,10957300000,1.77949E+11
23,Bosnia and Herzegovina,BIH,1255802469,1866572954,2786045322,3671816504,4116699437,4685733115,5505887894,5748993411,6651106833,8369878823,10596205714,11222953519,12864610994,15778767670,19112739664,17613836210,17176781337,18644723861,17226849297,18178503835,18558343508,2.21633E+11
24,Belarus,BLR,14932024169,13972676841,14756846154,14128408566,15222012660,12138486532,12736856828,12354820144,14594249023,17827791321,23144351852,30207567317,36954312354,45277399814,60763483146,50874078052,58665088956,61757788945,65685102555,75527984234,78813839984,7.30335E+11
25,Belize,BLZ,580863700,620140400,641383800,654314350,688992450,732732350,832072450,871860600,932551850,990374050,1057845500,1114202700,1217442150,1290542550,1368625150,1335217500,1396731700,1486595750,1563827850,1608442150,1692955750,22677714750
26,Bermuda,BMU,1867160064,2030749952,2695390000,2932827000,3130748000,3324433000,3480219000,3680483000,3937228000,4186525000,4484703000,4868136000,5414299000,5895048000,6109928000,5806378000,5744414000,5550771000,5537537000,5573710000,,86250687016
27,Bolivia,BOL,5981244887,6715220507,7396966657,7925673448,8497545598,8285075872,8397912509,8141537938,7905485216,8082364868,8773451739,9549077869,11451869165,13120183157,16674324634,17339992165,19649631451,23963033588,27084497540,30659338784,32996188133,2.88591E+11
28,Brazil,BRA,5.58E+11,7.69E+11,8.50E+11,8.83E+11,8.64E+11,5.99E+11,6.55E+11,5.59E+11,5.08E+11,5.58E+11,6.69E+11,8.92E+11,1.11E+12,1.40E+12,1.70E+12,1.67E+12,2.21E+12,2.62E+12,2.47E+12,2.47E+12,2.46E+12,2.6474E+13
29,Barbados,BRB,2151295182,2261969870,2411872918,2549296475,2874459305,3012081738,3121500000,3116650000,3169600000,3274850000,3514350000,3897300000,4176500000,4672250000,4782000000,4479950000,4529900000,4660900000,4656350000,4612500000,4608350000,76533925488
30,Brunei Darussalam,BRN,4087337960,4734020037,5115602837,5197332974,4051147228,4600000000,6001153306,5601090584,5843329108,6557333085,7872333215,9531402848,11470703002,12247694247,14393099069,10732366286,13707370737,18525319978,19048495519,18093829923,17098342541,2.04509E+11
31,Bhutan,BTN,270801565.2,303053462.8,316420860.9,365964500.1,376955087.3,419035810.5,439158233.2,476360697.2,537050133.7,622026107.8,702682019,818869145.1,897731524.9,1196091805,1258332337,1264758198,1585472534,1820207626,1823692110,1798333726,1976938530,19269936014
32,Botswana,BWA,4259330999,4730611067,4847752843,5020214747,4790458837,5484257417,5788329609,5489608300,5438857107,7511582173,8957467707,9931134941,10126940513,10939053365,10945070442,10267133178,12786654366,15351972230,16067155187,14901750765,16250750259,1.89886E+11
33,Central African Republic,CAF,851174350.6,1115389732,1007791186,937741468,967338348.7,999477510.7,914500299.1,931833302.8,991387870.1,1139754799,1270080251,1337362392,1460561215,1697565949,1985240986,2059094048,2140503193,2434792413,2510270268,1700627480,1904794555,30357281617
34,Canada,CAN,5.78E+11,6.04E+11,6.29E+11,6.53E+11,6.32E+11,6.76E+11,7.42E+11,7.36E+11,7.58E+11,8.92E+11,1.02E+12,1.17E+12,1.32E+12,1.46E+12,1.55E+12,1.37E+12,1.61E+12,1.79E+12,1.82E+12,1.84E+12,1.80E+12,2.365E+13
35,Central Europe and the Baltics,CEB,3.08E+11,3.92E+11,4.15E+11,4.09E+11,4.48E+11,4.34E+11,4.28E+11,4.68E+11,5.27E+11,6.33E+11,7.62E+11,8.85E+11,1.00E+12,1.26E+12,1.53E+12,1.29E+12,1.31E+12,1.45E+12,1.35E+12,1.42E+12,1.46E+12,1.8179E+13
36,Switzerland,CHE,2.93E+11,3.43E+11,3.30E+11,2.87E+11,2.95E+11,2.90E+11,2.72E+11,2.79E+11,3.01E+11,3.53E+11,3.94E+11,4.09E+11,4.31E+11,4.80E+11,5.54E+11,5.42E+11,5.84E+11,7.00E+11,6.68E+11,6.89E+11,7.09E+11,9.203E+12
37,Channel Islands,CHI,,,,,5945677377,6262740657,6439703435,6232906290,6663669065,7332244898,8553643354,8827272727,9676172953,11514605842,,,,,,,,77448636598
38,Chile,CHL,57008425296,73447063319,78039572222,84952360922,81577430181,75173794497,77860932152,70979923960,69736811435,75643459840,99210392858,1.23E+11,1.55E+11,1.74E+11,1.80E+11,1.72E+11,2.19E+11,2.52E+11,2.67E+11,2.78E+11,2.61E+11,2.92463E+12
39,China,CHN,5.64E+11,7.35E+11,8.64E+11,9.62E+11,1.03E+12,1.09E+12,1.21E+12,1.34E+12,1.47E+12,1.66E+12,1.96E+12,2.29E+12,2.75E+12,3.55E+12,4.59E+12,5.10E+12,6.09E+12,7.55E+12,8.53E+12,9.57E+12,1.04E+13,7.3305E+13
40,Cote d'Ivoire,CIV,8313557450,11000146839,12139234939,11722142706,12612033729,12376639823,10717022463,11192560719,12346919152,15306602195,16554441555,17084927540,17800887469,20343636059,24224905504,24277494337,24884503951,25381615976,26790577891,31264184741,35316494574,3.81651E+11
41,Cameroon,CMR,10600157684,9643953175,10513387442,10833497458,10612847429,11198378749,10083937740,10371327756,11579343088,14548845765,17430933517,17944084201,19356046328,22365265026,26409781215,26017925552,26143818510,29337006833,29104437355,32348149947,34942948737,3.91386E+11
42,"Congo, Dem. Rep.",COD,5820382248,5643439376,5771454940,6090840548,6215591270,4711259427,19088046306,7438189100,8728038525,8937567060,10297483481,11964484668,14451902468,16737071816,19788515874,18648373312,21565720044,25839749199,29306235826,32679745298,35909040266,3.15633E+11
43,"Congo, Rep.",COG,1769365425,2116003978,2540697688,2322718991,1949481297,2353909564,3219910550,2794259783,3019993739,3495868808,4648628921,6087003176,7731261311,8394688284,11859013281,9593537551,12007880439,14425607180,13677930124,14085851348,14177437982,1.42271E+11
44,Colombia,COL,81703500846,92507279383,97160109278,1.07E+11,98443739941,86186158685,99886577331,98211749596,97963003805,94641378693,1.17E+11,1.45E+11,1.61E+11,2.06E+11,2.42E+11,2.32E+11,2.86E+11,3.34E+11,3.71E+11,3.82E+11,3.81E+11,3.8107E+12
45,Comoros,COM,319189200.4,398461789.6,396053797.6,364445589.7,370106776,382454989.9,350264287.7,378180913.4,423962976.7,545658929,632570092.2,653584808.7,697810988.1,794621676.5,911967428.7,901711442.3,907093130.3,1021746833,1015901205,1115906342,1148058015,13729751212
46,Cabo Verde,CPV,406580652.3,487148993.5,501979069.3,490608657.9,521910560.5,592416703.1,539227277.6,563024383.3,620974660.2,813963830.2,924318490.8,971977088.2,1107891063,1513933983,1789333749,1711817182,1664310770,1864824081,1751888562,1850470042,1859898513,22548498312
47,Costa Rica,CRI,10432619326,11513472786,11618286652,12552071488,13617405297,14195623343,14949514493,15913363441,16504795593,17196009811,18528955525,19948261084,22602721765,26743972912,30612927861,30562363430,37268616184,42262694504,46473131799,49745084870,50577769785,5.1382E+11
48,Caribbean small states,CSS,19905802821,21998219161,24020648568,28143635552,30069769929,31872310295,34177854580,35220883628,36957890214,39498913015,43222083525,48878881379,54566092910,60906457771,69106766833,58178987893,63286770719,68423468920,70778783661,71874614598,72804605848,9.83893E+11
49,Cuba,CUB,28448326757,30429803651,25017368697,25365908059,25736331247,28364615242,30565400000,31682400000,33590500000,35901200000,38203000000,42643836075,52742800000,58603900000,60806300000,62080000000,64328000000,68990000000,73141000000,77148000000,80656000000,9.74445E+11
50,Curacao,CUW,,,,,,,,,,,,,,,,,,3038699609,3131096089,3147616201,3158406034,12475817933
51,Cayman Islands,CYM,,,,,,,,,,,,2315972639,4227798075,,,,,,,,,6543770714
52,Cyprus,CYP,7425703929,9933143596,10011919699,9547822121,10248619910,10497907228,9985843544,10397896175,11420230769,14547327293,17320550000,18433416242,20072788860,23968765398,27839724623,25942664629,25562264901,27426994718,25041397919,24084559214,23364707443,3.63074E+11
53,Czech Republic,CZE,47554674591,59775697061,66985765439,61792161168,66490372105,64867483193,61649492817,67523642262,81910771994,99627140274,1.19E+11,1.36E+11,1.55E+11,1.89E+11,2.36E+11,2.06E+11,2.07E+11,2.28E+11,2.07E+11,2.09E+11,2.08E+11,2.77818E+12
54,Germany,DEU,2.21E+12,2.59E+12,2.50E+12,2.22E+12,2.24E+12,2.20E+12,1.95E+12,1.95E+12,2.08E+12,2.51E+12,2.82E+12,2.86E+12,3.00E+12,3.44E+12,3.75E+12,3.42E+12,3.42E+12,3.76E+12,3.54E+12,3.75E+12,3.90E+12,6.011E+13
55,Djibouti,DJI,491689220.7,497723960.6,494004647.7,502675542,514267869.3,536080148.1,551230861.9,572417440.8,591122039.6,622044665.5,666072101.8,708633194.7,768873684,847918929.1,999105339.3,1049110685,1128611700,1239144502,1353632942,1324733712,1455035089,16914128275
56,Dominica,DMA,264375666.7,274522148.1,292286000,302989185.2,322409851.9,331759000,333468888.9,340205074.1,333195185.2,343310666.7,367199111.1,364255074.1,390250148.1,421375851.9,458190185.2,489074333.3,493824413.3,501025303.3,485997988.1,501979134.4,523540777.8,8135233987
57,Denmark,DNK,1.56E+11,1.85E+11,1.88E+11,1.74E+11,1.77E+11,1.78E+11,1.64E+11,1.65E+11,1.79E+11,2.18E+11,2.51E+11,2.64E+11,2.83E+11,3.19E+11,3.53E+11,3.21E+11,3.22E+11,3.44E+11,3.27E+11,3.44E+11,3.53E+11,5.265E+12
58,Dominican Republic,DOM,14664237667,16598679279,18241691857,20017908829,21672526563,22137599986,24305116729,25599311449,27362875603,21642882856,22692574473,36119047252,38116351526,44169678153,48288967303,48376555306,53982886258,57811180659,60657780261,62661773592,66065015410,7.51185E+11
59,Algeria,DZA,42542571306,41764052458,46941496780,48177862502,48187747529,48640574567,54790245601,54744714396,56760288974,67863829880,85324998814,1.03E+11,1.17E+11,1.35E+11,1.71E+11,1.37E+11,1.61E+11,2.00E+11,2.09E+11,2.10E+11,2.14E+11,2.25274E+12
60,East Asia & Pacific (excluding high income),EAP,1.06E+12,1.31E+12,1.51E+12,1.56E+12,1.43E+12,1.58E+12,1.74E+12,1.85E+12,2.04E+12,2.31E+12,2.68E+12,3.11E+12,3.74E+12,4.73E+12,5.99E+12,6.49E+12,7.87E+12,9.61E+12,1.07E+13,1.18E+13,1.27E+13,9.581E+13
61,Early-demographic dividend,EAR,2.43E+12,2.49E+12,2.72E+12,2.91E+12,2.87E+12,3.04E+12,3.30E+12,3.26E+12,3.17E+12,3.52E+12,4.09E+12,4.77E+12,5.47E+12,6.49E+12,7.31E+12,7.04E+12,8.55E+12,9.58E+12,1.00E+13,1.02E+13,1.06E+13,1.1381E+14
62,East Asia & Pacific,EAS,7.30E+12,8.30E+12,7.99E+12,7.65E+12,6.86E+12,7.66E+12,8.28E+12,7.70E+12,7.83E+12,8.60E+12,9.65E+12,1.03E+13,1.09E+13,1.22E+13,1.41E+13,1.45E+13,1.69E+13,1.96E+13,2.10E+13,2.12E+13,2.19E+13,2.5042E+14
63,Europe & Central Asia (excluding high income),ECA,7.07E+11,7.60E+11,7.66E+11,7.96E+11,7.47E+11,6.27E+11,6.98E+11,6.93E+11,7.93E+11,1.00E+12,1.32E+12,1.68E+12,2.06E+12,2.67E+12,3.31E+12,2.60E+12,3.10E+12,3.83E+12,4.06E+12,4.31E+12,4.04E+12,4.0567E+13
64,Europe & Central Asia,ECS,9.40E+12,1.08E+13,1.11E+13,1.05E+13,1.08E+13,1.06E+13,1.00E+13,1.01E+13,1.11E+13,1.35E+13,1.57E+13,1.68E+13,1.81E+13,2.12E+13,2.33E+13,2.05E+13,2.09E+13,2.32E+13,2.24E+13,2.34E+13,2.37E+13,3.371E+14
65,Ecuador,ECU,22708673337,24432884442,25226393197,28162053027,27981896948,19645272636,18327764882,24468324000,28548945000,32432858000,36591661000,41507085000,46802044000,51007777000,61762635000,62519686000,69555367000,79276664000,87924544000,95129659000,1.02E+11,9.86012E+11
66,"Egypt, Arab Rep.",EGY,51897983393,60159245060,67629716981,78436578171,84828807556,90710704807,99838543960,97632008710,87850683979,82924503943,78845185293,89685725230,1.07E+11,1.30E+11,1.63E+11,1.89E+11,2.19E+11,2.36E+11,2.79E+11,2.89E+11,3.06E+11,2.88844E+12
67,Euro area,EMU,6.51E+12,7.52E+12,7.61E+12,6.96E+12,7.15E+12,7.12E+12,6.48E+12,6.59E+12,7.17E+12,8.85E+12,1.02E+13,1.05E+13,1.12E+13,1.29E+13,1.41E+13,1.29E+13,1.27E+13,1.36E+13,1.27E+13,1.32E+13,1.35E+13,2.0946E+14
68,Eritrea,ERI,531688311.7,578015625,693535954.2,686490090.1,745526154.9,688921325.7,706370815.6,752368495.5,729321366.7,870247703.2,1109054005,1098425901,1211161880,1317974491,1380188800,1856695551,2117039512,2607739837,,,,19680765820
69,Spain,ESP,5.29E+11,6.13E+11,6.41E+11,5.89E+11,6.17E+11,6.33E+11,5.95E+11,6.26E+11,7.05E+11,9.07E+11,1.07E+12,1.16E+12,1.26E+12,1.48E+12,1.64E+12,1.50E+12,1.43E+12,1.49E+12,1.34E+12,1.36E+12,1.38E+12,2.1565E+13
70,Estonia,EST,,4373665146,4746109767,5066240419,5617109245,5726897998,5685774809,6245069734,7322069511,9833870709,12059201242,14006088297,16963625016,22237061730,24194039256,19652492637,19490936349,23170239901,23043864510,25137153149,26615854605,2.81187E+11
71,Ethiopia,ETH,6927950565,7663984568,8547939731,8589211390,7818224906,7700833482,8242392104,8231326016,7850809498,8623691300,10131187261,12401139454,15280861835,19707616773,27066912635,32437389116,29933790334,31952763089,43310721414,47648211133,55612228234,4.05679E+11
72,European Union,EUU,8.29E+12,9.63E+12,9.84E+12,9.29E+12,9.61E+12,9.59E+12,8.91E+12,9.01E+12,9.83E+12,1.20E+13,1.38E+13,1.44E+13,1.54E+13,1.78E+13,1.92E+13,1.71E+13,1.70E+13,1.84E+13,1.73E+13,1.81E+13,1.87E+13,2.832E+14
73,Fragile and conflict affected situations,FCS,,,,,,,2.20E+11,2.02E+11,1.94E+11,2.20E+11,2.56E+11,3.10E+11,3.67E+11,4.52E+11,5.84E+11,5.44E+11,6.50E+11,7.09E+11,8.17E+11,8.50E+11,8.59E+11,7.234E+12
74,Finland,FIN,1.03E+11,1.34E+11,1.32E+11,1.27E+11,1.34E+11,1.35E+11,1.26E+11,1.29E+11,1.40E+11,1.71E+11,1.97E+11,2.04E+11,2.17E+11,2.55E+11,2.84E+11,2.51E+11,2.48E+11,2.74E+11,2.57E+11,2.70E+11,2.73E+11,4.061E+12
75,Fiji,FJI,1825285158,1970347721,2129266728,2093994597,1656784780,1942170999,1684109743,1660102346,1842691481,2315935753,2727507213,3006725015,3102741451,3405050612,3523185920,2870624636,3140508836,3774530616,3972012571,4190143206,4856963252,57690682634
76,France,FRA,1.39E+12,1.60E+12,1.61E+12,1.45E+12,1.50E+12,1.49E+12,1.36E+12,1.38E+12,1.49E+12,1.84E+12,2.12E+12,2.20E+12,2.32E+12,2.66E+12,2.92E+12,2.69E+12,2.64E+12,2.86E+12,2.68E+12,2.81E+12,2.85E+12,4.386E+13
77,Faroe Islands,FRO,,,,,1107882641,1120280382,1058702725,1147654635,1262669892,1494011567,1688237552,1727792693,1984445416,2290133549,2432415998,2268387771,2320424601,2490807831,2366301252,2627049837,2850743875,32237942217
78,"Micronesia, Fed. Sts.",FSM,202500000,222103600,218845700,206900300,219646200,220660500,233226300,240051900,241543400,245277400,240097000,250149400,253372300,256548100,262868600,279966700,296525300,310502100,326128700,316040600,317999400,5360953500
79,Gabon,GAB,4190819314,4958845906,5694040337,5326816859,4483417120,4662992036,5067865321,5018874179,5310381151,6497305662,7756293575,9578973591,10318424464,12438956756,15508574820,12065138273,14358584300,18186478120,17171447372,17590745162,18179752010,2.04365E+11
80,United Kingdom,GBR,1.14E+12,1.34E+12,1.41E+12,1.55E+12,1.64E+12,1.67E+12,1.65E+12,1.63E+12,1.77E+12,2.04E+12,2.40E+12,2.53E+12,2.70E+12,3.08E+12,2.90E+12,2.39E+12,2.45E+12,2.63E+12,2.68E+12,2.75E+12,3.03E+12,4.538E+13
81,Georgia,GEO,2513870587,2693731866,3094855183,3510443160,3613498175,2799976945,3057424694,3219488664,3395773557,3991284895,5125365192,6410878800,7745394293,10172882371,12795076469,10766776414,11638500814,14434568633,15846484588,16140014428,16509316418,1.59476E+11
82,Ghana,GHA,5444560669,6465137615,6934984709,6891308594,7480968858,7719354839,4983024408,5314909954,6166330136,7632406553,8881368538,10731634117,20409668522,24758819718,28526891010,25977847814,32174772956,39566292433,41939728979,63277216921,53601126665,4.14878E+11
83,Gibraltar,GIB,,,,,,,,,,,,,,,,,,,,,,0
84,Guinea,GIN,3383218923,3693753379,3869032271,3783788551,3588376057,3461282294,2995360969,2833442750,2949637039,3446442219,3666349049,2937071767,4220019243,6281917656,6964179194,6716904569,6853467858,6785137173,7638045254,8376613843,8778473615,1.03223E+11
85,"Gambia, The",GMB,746491692.6,785996982.5,848237108.6,803630742.5,840285264.6,814723460.1,782915402.4,687408804.6,578236035.1,487038821.6,578785951.4,624173239.9,655070067.7,798885556.5,965781078.2,900639534,951806368.7,898290989.9,910026155.7,1367041585,1259063631,17284528473
86,Guinea-Bissau,GNB,235620043.5,253966922.3,270419779.4,268550998.2,206457544.5,224446663.8,370173838.7,392278168.2,415843482,476388260.6,531109356.2,586795675.4,591839470.7,695990208.4,864654795.3,826798659.8,849050127.5,1098379392,989327811.8,1045790133,1053512334,12247393665
87,Equatorial Guinea,GNQ,100807001.8,141853368.3,232463036.4,442337849.5,370687618.7,621117885.7,1045998496,1461139022,1806742742,2484745935,4410764339,8217369093,10086528699,13071718759,19749893536,15027795173,16298542028,21329395901,22389626329,21942597765,21736500713,1.82969E+11
88,Greece,GRC,1.17E+11,1.37E+11,1.46E+11,1.43E+11,1.44E+11,1.43E+11,1.30E+11,1.36E+11,1.54E+11,2.02E+11,2.41E+11,2.48E+11,2.73E+11,3.18E+11,3.54E+11,3.30E+11,2.99E+11,2.88E+11,2.46E+11,2.40E+11,2.37E+11,4.526E+12
89,Grenada,GRD,325111814.8,342172518.5,366911444.4,392190592.6,445903592.6,482009370.4,520044370.4,520444185.2,540336925.9,591018407.4,599118592.6,695370296.3,698700666.7,758683592.6,825976037,771275555.6,771013259.3,778655925.9,799882259.3,842620111.1,911497407.4,12978936926
90,Greenland,GRL,1005879948,1208946166,1197509787,1072147778,1149862703,1131561595,1068030830,1086172923,1169138789,1558753434,1822486689,1849805733,2013099482,2249811709,2499107511,2529948330,2503156061,2684467376,2609667674,2684952727,2842048998,37936556243
91,Guatemala,GTM,12983235568,14655404433,15674835615,17790026222,19395491993,18318412251,19288827159,18702802789,20776669467,21917706491,23965275996,27211377225,30231249362,34113107086,39136954232,37734072278,41338521638,47654783852,50388460925,53851148432,58722323918,6.23851E+11
92,Guam,GUM,,,,,,,,,3385000000,3560000000,3857000000,4197000000,4213000000,4375000000,4621000000,4781000000,4895000000,4928000000,5199000000,5336000000,5538000000,58885000000
93,Guyana,GUY,540874934.2,621626785.9,705406001.4,749138009.6,717530683.2,694754988.3,712667896.7,712167575.6,726131434.7,743064076.8,787814379.2,824880550.3,1458453715,1740180444,1916994912,2061323854,2273225042,2576024116,2861562266,2987684170,3077643314,29489149149
94,High income,HIC,2.33E+13,2.58E+13,2.61E+13,2.56E+13,2.57E+13,2.70E+13,2.76E+13,2.73E+13,2.85E+13,3.19E+13,3.55E+13,3.76E+13,3.97E+13,4.34E+13,4.61E+13,4.33E+13,4.54E+13,4.89E+13,4.90E+13,4.96E+13,5.07E+13,7.58E+14
95,"Hong Kong SAR, China",HKG,1.36E+11,1.45E+11,1.60E+11,1.77E+11,1.69E+11,1.66E+11,1.72E+11,1.69E+11,1.66E+11,1.61E+11,1.69E+11,1.82E+11,1.94E+11,2.12E+11,2.19E+11,2.14E+11,2.29E+11,2.49E+11,2.63E+11,2.76E+11,2.91E+11,4.119E+12
96,Honduras,HND,4642280682,5347445005,5215028986,5737099650,6366340266,6414520530,7103507989,7565877534,7775075858,8140282680,8772170427,9672027224,10841723354,12275493959,13789727210,14486137414,15729644901,17588097150,18400538970,18372173611,19618567447,2.23854E+11
97,Heavily indebted poor countries (HIPC),HPC,1.16E+11,1.32E+11,1.37E+11,1.44E+11,1.51E+11,1.51E+11,1.62E+11,1.55E+11,1.66E+11,1.90E+11,2.18E+11,2.48E+11,2.95E+11,3.53E+11,4.26E+11,4.29E+11,4.74E+11,5.30E+11,5.70E+11,6.36E+11,6.73E+11,6.356E+12
98,Croatia,HRV,,22387561845,23678012697,23822087053,25432144406,23386945597,21774273832,23289671102,26868450817,34667270723,41523418160,45347181470,50404444703,60121906684,70494603466,62779128128,59865977192,62399478246,56548374545,58157880646,57682343708,8.50631E+11
99,Haiti,HTI,2167564195,2813313279,2907514523,3338938830,3723909227,4153736347,3953846311,3596443005,3472191962,2960306121,3537720277,4310358096,4756204070,5885325590,6548530572,6584649419,6622541529,7516834160,7890216508,8452509316,8776350790,1.03969E+11
100,Hungary,HUN,43160392124,46418916500,46659796773,47290180589,48770466839,49170434391,47310623887,53821315066,67716887203,85324771841,1.04E+11,1.13E+11,1.15E+11,1.40E+11,1.58E+11,1.31E+11,1.31E+11,1.41E+11,1.28E+11,1.35E+11,1.40E+11,1.97164E+12
101,IBRD only,IBD,4.35E+12,4.89E+12,5.34E+12,5.66E+12,5.50E+12,5.34E+12,5.80E+12,5.89E+12,5.98E+12,6.74E+12,8.01E+12,9.59E+12,1.14E+13,1.41E+13,1.70E+13,1.65E+13,2.00E+13,2.36E+13,2.51E+13,2.65E+13,2.74E+13,2.5469E+14
102,IDA & IBRD total,IBT,4.66E+12,5.25E+12,5.73E+12,6.06E+12,5.91E+12,5.76E+12,6.26E+12,6.34E+12,6.47E+12,7.29E+12,8.66E+12,1.03E+13,1.23E+13,1.52E+13,1.83E+13,1.77E+13,2.15E+13,2.53E+13,2.69E+13,2.85E+13,2.95E+13,2.7389E+14
103,IDA total,IDA,3.10E+11,3.56E+11,3.91E+11,4.05E+11,4.11E+11,4.22E+11,4.60E+11,4.56E+11,4.91E+11,5.53E+11,6.49E+11,7.55E+11,9.24E+11,1.08E+12,1.30E+12,1.27E+12,1.47E+12,1.67E+12,1.80E+12,1.98E+12,2.15E+12,1.9303E+13
104,IDA blend,IDB,1.37E+11,1.58E+11,1.75E+11,1.79E+11,1.76E+11,1.83E+11,2.01E+11,2.01E+11,2.23E+11,2.50E+11,3.06E+11,3.67E+11,4.74E+11,5.47E+11,6.52E+11,6.09E+11,7.11E+11,8.21E+11,9.04E+11,9.83E+11,1.08E+12,9.337E+12
105,Indonesia,IDN,1.77E+11,2.02E+11,2.27E+11,2.16E+11,95445547873,1.40E+11,1.65E+11,1.60E+11,1.96E+11,2.35E+11,2.57E+11,2.86E+11,3.65E+11,4.32E+11,5.10E+11,5.40E+11,7.55E+11,8.93E+11,9.18E+11,9.13E+11,8.91E+11,8.57345E+12
106,IDA only,IDX,1.72E+11,1.96E+11,2.14E+11,2.25E+11,2.34E+11,2.37E+11,2.58E+11,2.53E+11,2.67E+11,3.01E+11,3.40E+11,3.84E+11,4.44E+11,5.29E+11,6.42E+11,6.59E+11,7.49E+11,8.40E+11,8.86E+11,9.84E+11,1.06E+12,9.874E+12
107,Isle of Man,IMN,,914727080.6,1023086919,1180919719,1382548250,1567465657,1563667800,1659249982,1947408065,2328854756,2822228369,3032409189,3422651334,4466100440,5928601103,5487083658,5920177689,6566098382,6433357030,6754330155,7428280402,71829245980
108,India,IND,3.27E+11,3.60E+11,3.93E+11,4.16E+11,4.21E+11,4.59E+11,4.68E+11,4.85E+11,5.15E+11,6.08E+11,7.09E+11,8.20E+11,9.40E+11,1.22E+12,1.20E+12,1.34E+12,1.68E+12,1.82E+12,1.83E+12,1.86E+12,2.04E+12,1.9911E+13
109,Not classified,INX,,,,,,,,,,,,,,,,,,,,,,0
110,Ireland,IRL,57166035571,69222624369,75880630166,82826141595,90082051923,98692079267,99852958356,1.09E+11,1.28E+11,1.64E+11,1.94E+11,2.12E+11,2.32E+11,2.70E+11,2.75E+11,2.36E+11,2.22E+11,2.37E+11,2.25E+11,2.39E+11,2.58E+11,3.57472E+12
111,"Iran, Islamic Rep.",IRN,71841461173,96419225744,1.20E+11,1.14E+11,1.10E+11,1.14E+11,1.10E+11,1.27E+11,1.29E+11,1.54E+11,1.90E+11,2.26E+11,2.66E+11,3.50E+11,4.06E+11,4.14E+11,4.87E+11,5.84E+11,5.99E+11,4.67E+11,4.34E+11,5.56926E+12
112,Iraq,IRQ,,,,,,,,,,,36627901762,49954890353,65140293688,88840050497,1.32E+11,1.12E+11,1.39E+11,1.86E+11,2.18E+11,2.35E+11,2.35E+11,1.49756E+12
113,Iceland,ISL,6399064571,7134341218,7438183247,7580988916,8494094643,8971609106,9003639475,8205357164,9294651863,11414054861,13834751482,16812529924,17216417442,21514962937,17905251832,13164652894,13683689802,15158548597,14724078264,16033517529,17758089312,2.61742E+11
114,Israel,ISR,86216942413,1.00E+11,1.10E+11,1.15E+11,1.16E+11,1.17E+11,1.32E+11,1.31E+11,1.21E+11,1.27E+11,1.35E+11,1.42E+11,1.54E+11,1.79E+11,2.16E+11,2.07E+11,2.34E+11,2.62E+11,2.57E+11,2.93E+11,3.10E+11,3.54422E+12
115,Italy,ITA,1.10E+12,1.17E+12,1.31E+12,1.24E+12,1.27E+12,1.25E+12,1.14E+12,1.16E+12,1.27E+12,1.57E+12,1.80E+12,1.85E+12,1.94E+12,2.20E+12,2.39E+12,2.19E+12,2.13E+12,2.28E+12,2.07E+12,2.13E+12,2.15E+12,3.561E+13
116,Jamaica,JAM,5419134875,6538840170,7368000000,8375077443,8763219645,8851581633,8985352832,9178016493,9694169757,9399447609,10150978155,11204416000,11901911988,12827809965,13680482787,12067478478,13200286270,14413359665,14798716216,14193012191,13852192273,2.24863E+11
117,Jordan,JOR,6237739516,6727446632,6928359238,7246188575,7912327362,8149106065,8460424401,8975689845,9582453032,10195660790,11411390409,12588665303,15056929760,17110587447,22218617772,23974612130,26551480959,28932299013,30966149506,33675599436,36104372355,3.39006E+11
118,Japan,JPN,4.91E+12,5.45E+12,4.83E+12,4.41E+12,4.03E+12,4.56E+12,4.89E+12,4.30E+12,4.12E+12,4.45E+12,4.82E+12,4.76E+12,4.53E+12,4.52E+12,5.04E+12,5.23E+12,5.70E+12,6.16E+12,6.20E+12,5.16E+12,4.85E+12,1.0292E+14
119,Kazakhstan,KAZ,21250839258,20374307047,21035357833,22165932063,22135245413,16870817135,18291990619,22152694162,24636593223,30833699703,43151647003,57123671734,81003884545,1.05E+11,1.33E+11,1.15E+11,1.48E+11,1.93E+11,2.08E+11,2.37E+11,2.21E+11,1.76103E+12
120,Kenya,KEN,7148145376,9046326060,12045858436,13115773738,14093998844,12896013577,12705357103,12986007426,13147743911,14904517650,16095337094,18737897745,25825524821,31958195182,35895153328,37021512049,40000088347,41953433591,50412754861,55096728048,61448046802,5.36534E+11
121,Kyrgyz Republic,KGZ,1681006993,1661018519,1827570586,1767864036,1645963750,1249061487,1369692689,1525112242,1605640974,1919012667,2211534585,2460248026,2834168889,3802566171,5139957785,4690062255,4794357795,6197766119,6605139933,7335027592,7468096567,69790869660
122,Cambodia,KHM,2791435272,3441205693,3506695720,3443413389,3120425503,3517242477,3677897739,3984000517,4284028483,4658246918,5337833248,6293046162,7274595707,8639235842,10351914093,10401851851,11242275199,12829541141,14054443213,15227991395,16702610842,1.5478E+11
123,Kiribati,KIR,54832577.86,56338028.17,66515376.79,67537479.59,65334841.06,69032258.06,67254174.4,63101272.37,72196457.68,90231856.8,102367039.3,112133944.3,110234939.8,132671743,141042610.3,132420059.3,156120895.2,181705002.6,190243321.6,185113921.6,179703443.3,2296131243
124,St. Kitts and Nevis,KNA,295157658.1,313483384.8,333946095.6,374640295.1,383257144.9,406597034.4,433520494.9,475443712.2,497328946.7,486344351,529250459.3,577730934.1,657227386.7,723938700.4,793368441,767066391.8,766785071.2,818728133,800392821.2,849496203.9,916857359.5,12200561020
125,"Korea, Rep.",KOR,4.56E+11,5.56E+11,5.98E+11,5.58E+11,3.74E+11,4.85E+11,5.62E+11,5.33E+11,6.09E+11,6.81E+11,7.65E+11,8.98E+11,1.01E+12,1.12E+12,1.00E+12,9.02E+11,1.09E+12,1.20E+12,1.22E+12,1.31E+12,1.41E+12,1.7337E+13
126,Kuwait,KWT,24848483838,27191689008,31493987642,30354434553,25941929462,30121879435,37711864407,34890772742,38137545245,47875838926,59440108585,80797945205,1.02E+11,1.15E+11,1.47E+11,1.06E+11,1.15E+11,1.54E+11,1.74E+11,1.74E+11,1.63E+11,1.71881E+12
127,Latin America & Caribbean (excluding high income),LAC,1.66E+12,1.76E+12,1.90E+12,2.09E+12,2.10E+12,1.88E+12,2.08E+12,2.03E+12,1.81E+12,1.84E+12,2.12E+12,2.57E+12,3.02E+12,3.59E+12,4.20E+12,3.93E+12,4.90E+12,5.58E+12,5.62E+12,5.75E+12,5.88E+12,6.631E+13
128,Lao PDR,LAO,1543606345,1763536305,1873671550,1747011857,1280177839,1454430642,1731198022,1768619058,1758176653,2023324407,2366398120,2735558726,3452882514,4222962988,5443915121,5832915387,7127792630,8749241114,10191350120,11942230508,13268458232,92277458138
129,Lebanon,LBN,9599127050,11718795528,13690217333,15751867489,17247179006,17391056369,17260364842,17649751244,19152238806,20082918740,21145518600,21489962080,22048664306,24873482492,29227542760,35477299024,38419626534,40075674295,44230727695,46866579768,48296099502,5.31695E+11
130,Liberia,LBR,,,,,,,874000000,906000000,927000000,748000000,897000000,949000000,1119000000,1373000000,1726000000,1768000000,1998000000,2398000000,2721000000,3067000000,3144000000,24615000000
131,Libya,LBY,28607921929,25544128199,27884615385,30698633109,27249786142,35976714101,38270206950,34110064452,20481889764,26265625000,33122307692,47334148578,54961936663,67516236338,87140405361,63028320702,74773444901,34699395524,81873662519,65502870174,41142722414,9.46185E+11
132,St. Lucia,LCA,638422518.5,682370000,705672777.8,721068259.3,784752481.5,824732888.9,834327296.3,798333814.8,805069148.1,883314333.3,954317407.4,1015934667,1134567222,1279428222,1286720333,1278745519,1399203481,1444269667,1437879370,1481132148,1542406296,21932667851
133,Latin America & Caribbean,LCN,1.80E+12,1.92E+12,2.08E+12,2.28E+12,2.30E+12,2.07E+12,2.29E+12,2.24E+12,2.01E+12,2.05E+12,2.36E+12,2.86E+12,3.35E+12,3.95E+12,4.59E+12,4.31E+12,5.35E+12,6.08E+12,6.14E+12,6.29E+12,6.42E+12,7.274E+13
134,Least developed countries: UN classification,LDC,1.37E+11,1.56E+11,1.72E+11,1.81E+11,1.86E+11,1.88E+11,2.13E+11,2.03E+11,2.20E+11,2.50E+11,2.87E+11,3.37E+11,3.95E+11,4.73E+11,5.87E+11,5.86E+11,6.73E+11,7.72E+11,8.25E+11,8.93E+11,9.70E+11,8.704E+12
135,Low income,LIC,78500474578,89456161733,1.02E+11,1.07E+11,1.14E+11,1.16E+11,1.38E+11,1.29E+11,1.38E+11,1.50E+11,1.72E+11,1.97E+11,2.22E+11,2.67E+11,3.27E+11,3.35E+11,3.68E+11,4.12E+11,4.45E+11,4.87E+11,5.24E+11,4.91796E+12
136,Liechtenstein,LIE,1948118228,2428461395,2504033252,2298410391,2479721341,2664026095,2483953103,2491822707,2688630823,3070691320,3454362686,3659251526,4000239273,4601299567,5081432924,4504549214,5082366478,5739977477,5456009385,6391735894,6657170923,79686264002
137,Sri Lanka,LKA,11717604209,13029697561,13897738375,15091913884,15794972847,15656327860,16330814180,15749753805,16536535647,18881765437,20662525941,24405791045,28279814925,32350248411,40713812310,42066217872,56725749222,65292753005,68434409315,74317806538,79356449841,6.85293E+11
138,Lower middle income,LMC,9.91E+11,1.11E+12,1.22E+12,1.26E+12,1.13E+12,1.23E+12,1.29E+12,1.31E+12,1.41E+12,1.62E+12,1.86E+12,2.16E+12,2.59E+12,3.18E+12,3.56E+12,3.65E+12,4.46E+12,5.04E+12,5.29E+12,5.52E+12,5.83E+12,5.5711E+13
139,Low & middle income,LMY,4.47E+12,5.01E+12,5.47E+12,5.79E+12,5.62E+12,5.48E+12,5.99E+12,6.06E+12,6.18E+12,6.96E+12,8.27E+12,9.87E+12,1.17E+13,1.46E+13,1.75E+13,1.71E+13,2.07E+13,2.44E+13,2.61E+13,2.76E+13,2.87E+13,2.6357E+14
140,Lesotho,LSO,878250450.6,1001889857,946123275.9,997996028.6,928458206,912771290.6,887295267.9,825706961.2,775780697.7,1157832935,1511236656,1682350935,1800105590,1716262753,1758534995,1773199523,2361613520,2787951881,2678475773,2526009063,2614566292,32522411952
141,Late-demographic dividend,LTE,2.47E+12,3.02E+12,3.33E+12,3.48E+12,3.35E+12,3.10E+12,3.40E+12,3.52E+12,3.72E+12,4.25E+12,5.10E+12,6.16E+12,7.44E+12,9.37E+12,1.17E+13,1.13E+13,1.35E+13,1.65E+13,1.76E+13,1.90E+13,1.97E+13,1.7101E+14
142,Lithuania,LTU,,7870782261,8385109020,10120274493,11240360898,10972878636,11539211480,12252498921,14278357284,18802576988,22649930576,26125575942,30216060233,39738180077,47850551149,37440673478,37120517694,43476873413,42848195256,46417340375,48516371721,5.27862E+11
143,Luxembourg,LUX,18325791415,21588170498,21776609772,19731912494,20209122027,22235929043,21263514833,21272418792,23616328816,29557325056,34685281848,37347394603,42414308117,50888134410,55849686539,51370543206,53212476812,60004630234,56677961787,61739352212,66103853237,7.89871E+11
144,Latvia,LVA,,5788368511,5970044666,6525676264,7174985107,7533187605,7937758980,8350252966,9546441564,11748433157,14373269156,16922504045,21447021570,30901399261,35596016664,26169854045,23757368290,28223552825,28119996053,30254677297,31335013752,3.57676E+11
145,"Macao SAR, China",MAC,6265844252,6996034037,7122539667,7211264780,6742367273,6490571704,6720492406,6811227983,7322677820,8195033162,10585624891,12092222042,14789661809,18340447243,20917444920,21475520709,28123640999,36709860068,43031577366,51552075902,55347998648,3.82844E+11
146,St. Martin (French part),MAF,,,,,,,,,,,,,,,,,,,,,,0
147,Morocco,MAR,35604137423,39030285468,43161452678,39147844526,41806219379,41632027600,38857251336,39459581217,42236836821,52064058834,59626020162,62343022651,68640825481,79041294874,92507257784,92897320376,93216746662,1.01E+11,98266306615,1.07E+11,1.10E+11,1.37754E+12
148,Monaco,MCO,2720297793,3130270895,3137848801,2840182221,2934578821,2906009308,2647883816,2671424966,2905840862,3589126975,4110169853,4203084194,4582988333,5867916781,6476490406,5451653237,5362649007,6080344732,5743029680,6553372278,7060236168,90975399127
149,Moldova,MDA,,1752979926,1695122174,1930081169,1698717505,1170782957,1288429392,1480673594,1661818168,1980901554,2598231467,2988338439,3408272498,4401154128,6054806101,5439422031,6974960345,8414360656,8709165249,9496684701,9510219299,82655121353
150,Madagascar,MDG,2977040722,3159901232,3995028593,3545776697,3738704468,3717515283,3877673539,4529575348,4397254608,5474030080,4363934494,5039293031,5515884349,7342923489,9413002921,8550363975,8729936136,9892702358,9919780071,10601690872,10673516673,1.29456E+11
151,Maldives,MDV,355884383.1,398988955,450382328,508223602.4,540096397.6,589239753.6,624337145.3,870179738.6,897031250,1052121055,1226829563,1163362438,1575200391,1868383461,2271646188,2345294875,2588176055,2774351760,2886170572,3295011382,3697351597,31978262891
152,Middle East & North Africa,MEA,6.34E+11,7.09E+11,8.02E+11,8.33E+11,8.09E+11,8.67E+11,9.67E+11,9.71E+11,9.67E+11,1.09E+12,1.27E+12,1.53E+12,1.79E+12,2.12E+12,2.65E+12,2.37E+12,2.77E+12,3.28E+12,3.58E+12,3.55E+12,3.57E+12,3.7129E+13
153,Mexico,MEX,5.28E+11,3.60E+11,4.11E+11,5.00E+11,5.27E+11,6.00E+11,7.08E+11,7.57E+11,7.72E+11,7.29E+11,7.82E+11,8.77E+11,9.75E+11,1.05E+12,1.11E+12,9.00E+11,1.06E+12,1.18E+12,1.20E+12,1.27E+12,1.31E+12,1.7606E+13
154,Marshall Islands,MHL,108071000,120230000,110858000,106289100,108702100,107978900,110937700,115152100,124735100,126887600,131334600,137928600,143930000,150776500,152788700,152617500,164969100,173260300,185210500,190800800,183121300,2906579500
155,Middle income,MIC,4.39E+12,4.92E+12,5.37E+12,5.68E+12,5.51E+12,5.37E+12,5.85E+12,5.93E+12,6.05E+12,6.82E+12,8.10E+12,9.67E+12,1.15E+13,1.43E+13,1.71E+13,1.67E+13,2.03E+13,2.40E+13,2.56E+13,2.71E+13,2.81E+13,2.5836E+14
156,North Macedonia,MKD,3556581986,4680078740,4651453634,3928975904,3756208791,3863743409,3772851420,3709637830,4018365247,4946292775,5682719260,6258600714,6861222332,8336478142,9909548411,9401731496,9407168702,10494632699,9745251126,10817712139,11362272838,1.39162E+11
157,Mali,MLI,2081846483,2706425298,2780422212,2697105694,2920358587,3439463140,2954129566,3465305993,3889758024,4703504467,5444474268,6245031690,6899799786,8145694632,9750822511,10181021770,10678749467,12978107561,12442747897,13246412031,14345828992,1.41997E+11
158,Malta,MLT,2998570147,3439931907,3570271558,3705372039,3923637971,4127313818,4306192436,4331870648,4689832690,5456583589,6062780269,6394851387,6757119558,7880509171,8977149553,8528202278,8741059603,9500669015,9211948091,10151192766,11281702720,1.34037E+11
159,Myanmar,MMR,,,,,,,8905066164,6477790688,6777632512,10467109978,10567354056,11986972419,14502553710,20182477481,31862554102,36906181381,49540813342,59977326086,59937797559,60269734045,65446199788,4.53808E+11
160,Middle East & North Africa (excluding high income),MNA,2.99E+11,3.41E+11,3.95E+11,4.06E+11,4.12E+11,4.36E+11,4.52E+11,4.67E+11,4.54E+11,5.12E+11,5.93E+11,6.99E+11,8.12E+11,1.00E+12,1.24E+12,1.20E+12,1.38E+12,1.57E+12,1.73E+12,1.62E+12,1.60E+12,1.7618E+13
161,Montenegro,MNE,,,,,,,984297589.4,1159869246,1284685051,1707710053,2073234418,2257174481,2721903149,3680710375,4545674528,4159328980,4139192053,4538199889,4087725813,4464261816,4587928884,46391896325
162,Mongolia,MNG,925817092.2,1452165005,1345719472,1180934203,1124440249,1057408589,1136896124,1267997934,1396555720,1595297356,1992066808,2523471532,3414055566,4234999823,5623216449,4583850368,7189481824,10409797649,12292770631,12582122604,12226514722,89555579720
163,Northern Mariana Islands,MNP,,,,,,,,,1284000000,1239000000,1210000000,1061000000,990000000,938000000,939000000,795000000,799000000,733000000,751000000,782000000,845000000,12366000000
164,Mozambique,MOZ,2460670288,2521738760,3523842275,4227273069,4873242526,5302532113,5016469069,4766928747,5031510909,5597367853,6831808930,7723846195,8312078525,9366742309,11494837053,10911698204,10154238250,13131168012,15265269711,16018848994,16961117243,1.69493E+11
165,Mauritania,MRT,1315932645,1415296704,1442598431,1401946853,1375115534,1405662879,1293654175,1295539448,1324426607,1563074860,1833444740,2184445123,3040716679,3356757064,4031048268,3662282133,4337794151,5166346516,5231255478,5639818812,5372783880,57689940980
166,Mauritius,MUS,3558137040,4040345933,4421943910,4187367602,4169664285,4343710333,4663313618,4613630624,4841310239,5816553825,6578844487,6488750454,7028803366,8150138757,9990370016,9128843109,10003670690,11518393367,11668685524,12129642296,12803445934,1.50146E+11
167,Malawi,MWI,1181802596,1397457932,2281034131,2663234934,1750584265,1775921718,1743506531,1716502862,3495748398,3208837077,3476094499,3655909664,3998020177,4432937046,5321012192,6191127665,6959655571,8004000737,6028487929,5518880769,6047813437,80848570130
168,Malaysia,MYS,74477975918,88704944179,1.01E+11,1.00E+11,72167753771,79148947368,93789736842,92783947368,1.01E+11,1.10E+11,1.25E+11,1.44E+11,1.63E+11,1.94E+11,2.31E+11,2.02E+11,2.55E+11,2.98E+11,3.14E+11,3.23E+11,3.38E+11,3.50007E+12
169,North America,NAC,7.87E+12,8.25E+12,8.70E+12,9.23E+12,9.70E+12,1.03E+13,1.10E+13,1.13E+13,1.17E+13,1.24E+13,1.32E+13,1.42E+13,1.51E+13,1.59E+13,1.63E+13,1.58E+13,1.66E+13,1.73E+13,1.80E+13,1.86E+13,1.93E+13,2.8075E+14
170,Namibia,NAM,3636645995,3942478206,3945340776,4102648720,3826527631,3818954448,3833993703,3476452446,3275669889,4811994025,6480441754,7121391946,7835043624,8740865600,8486721917,8876191121,11282192605,12409629836,13016272899,12717790505,12786078008,1.48423E+11
171,New Caledonia,NCL,3038727617,3628440275,3606968434,3291489841,3158806480,3056999988,2682347064,,,,,,,,,,,,,,,22463779699
172,Niger,NER,1563207225,1880803362,1987770899,1845599608,2076737357,2018193703,1798374468,1945327565,2170481509,2731416346,3052898739,3405134832,3646728060,4291363391,5379299888,5373097441,5718664505,6409184724,6942258305,7667952566,8229731384,80134225877
173,Nigeria,NGA,33833042988,44062465800,51075815093,54457835193,54604050168,59372613486,69448756933,74030364472,95385819321,1.05E+11,1.36E+11,1.76E+11,2.36E+11,2.76E+11,3.37E+11,2.92E+11,3.63E+11,4.10E+11,4.59E+11,5.15E+11,5.68E+11,4.40927E+12
174,Nicaragua,NIC,3863185119,4140470000,4308351903,4389965591,4635267225,4855717875,5107329007,5323146566,5224213018,5322454926,5795568205,6321335612,6763671611,7423377429,8496965842,8298695145,8758622329,9774316692,10532001130,10982972256,11880438824,1.42198E+11
175,Netherlands,NLD,3.79E+11,4.52E+11,4.50E+11,4.17E+11,4.38E+11,4.47E+11,4.16E+11,4.31E+11,4.72E+11,5.79E+11,6.57E+11,6.85E+11,7.33E+11,8.47E+11,9.48E+11,8.68E+11,8.47E+11,9.04E+11,8.39E+11,8.77E+11,8.91E+11,1.3577E+13
176,Norway,NOR,1.27E+11,1.52E+11,1.64E+11,1.61E+11,1.54E+11,1.62E+11,1.71E+11,1.74E+11,1.95E+11,2.29E+11,2.64E+11,3.09E+11,3.45E+11,4.01E+11,4.63E+11,3.87E+11,4.29E+11,4.99E+11,5.10E+11,5.24E+11,4.99E+11,6.319E+12
177,Nepal,NPL,4066775510,4401104418,4521580381,4918691917,4856255044,5033642384,5494252208,6007055042,6050875807,6330473097,7273938315,8130258041,9043715356,10325618017,12545438605,12854985464,16002656434,18913574371,18851513891,19271168018,20002968838,2.04897E+11
178,Nauru,NRU,,,,,,,,,,,,,,20439559.58,39292928.31,44294351.76,49234059.72,72682692.54,103837431.9,108631468.3,117013202.3,555425694.4
179,New Zealand,NZL,55314732279,63918703507,70140835299,66075143415,56227169851,58762260626,52623281957,53872425917,66627729311,88250885550,1.04E+11,1.15E+11,1.12E+11,1.37E+11,1.33E+11,1.21E+11,1.47E+11,1.68E+11,1.76E+11,1.91E+11,2.01E+11,2.23681E+12
180,OECD members,OED,2.31E+13,2.54E+13,2.56E+13,2.53E+13,2.55E+13,2.68E+13,2.74E+13,2.71E+13,2.83E+13,3.17E+13,3.53E+13,3.73E+13,3.93E+13,4.30E+13,4.56E+13,4.27E+13,4.47E+13,4.80E+13,4.80E+13,4.86E+13,4.96E+13,7.483E+14
181,Oman,OMN,12918855657,13802600780,15277763329,15837451235,14085373212,15710148244,19507412224,19452015605,20142782835,21633810143,24763589077,31081924577,37215864759,42085305592,60905331599,48388296489,58642392718,67937581274,76689206762,78784395319,81076723017,7.75939E+11
182,Other small states,OSS,60929263443,69944398746,73829456338,76814690541,75258435009,81052625704,91704697250,91200109844,98342776279,1.22E+11,1.52E+11,1.84E+11,2.17E+11,2.66E+11,3.26E+11,2.79E+11,3.25E+11,4.01E+11,4.21E+11,4.37E+11,4.49E+11,4.29808E+12
183,Pakistan,PAK,51894781282,60636022423,63320122807,62433300338,62191955814,62973855719,73952374970,72309738921,72306820396,83244801093,97977766198,1.10E+11,1.37E+11,1.52E+11,1.70E+11,1.68E+11,1.77E+11,2.14E+11,2.24E+11,2.31E+11,2.44E+11,2.59024E+12
184,Panama,PAN,9365289800,9573813700,9870494000,10677286100,11575486400,12130252200,12304115000,12502013400,12994310400,13693981200,15013381700,16374393900,18141666300,21295984200,25155888600,27116635600,29440300000,34686200000,40429700000,45600000000,49921500000,4.37863E+11
185,Peru,PER,44882079767,53312793687,55252414130,58147522523,55501467877,50187324568,51744749133,52030158775,54777553515,58731030122,66768703498,76060606061,88643193062,1.02E+11,1.21E+11,1.21E+11,1.48E+11,1.72E+11,1.93E+11,2.01E+11,2.01E+11,2.02504E+12
186,Philippines,PHL,64084460124,74119987245,82848140618,82344260571,72207028768,82995145793,81026300310,76262072467,81357605642,83908206648,91371242495,1.03E+11,1.22E+11,1.49E+11,1.74E+11,1.68E+11,2.00E+11,2.24E+11,2.50E+11,2.72E+11,2.85E+11,2.81952E+12
187,Palau,PLW,,,,,,,144759500,155430000,161950700,152765800,164163200,184677300,188037700,193113700,196859300,182704300,182863000,193235600,214648500,225345700,245675100,2786229400
188,Papua New Guinea,PNG,5502786070,4636057476,5155311077,4936615299,3789443015,3477038204,3521339699,3081024212,2999511040,3536411824,3927157867,4865892972,8306343442,9545071325,11670678864,11619541940,14250726290,17984816533,21295834133,21261305413,23210611847,1.88574E+11
189,Poland,POL,1.11E+11,1.42E+11,1.60E+11,1.59E+11,1.74E+11,1.70E+11,1.72E+11,1.91E+11,1.99E+11,2.18E+11,2.55E+11,3.06E+11,3.45E+11,4.29E+11,5.34E+11,4.40E+11,4.79E+11,5.29E+11,5.00E+11,5.24E+11,5.45E+11,6.582E+12
190,Pre-demographic dividend,PRE,1.46E+11,1.74E+11,1.91E+11,2.02E+11,2.08E+11,2.11E+11,2.41E+11,2.38E+11,2.83E+11,3.22E+11,3.94E+11,4.91E+11,6.24E+11,7.54E+11,9.51E+11,8.58E+11,1.01E+12,1.18E+12,1.31E+12,1.43E+12,1.53E+12,1.2748E+13
191,Puerto Rico,PRI,39690630000,42647331000,45340835000,48187039000,54086400000,57841000000,61701800000,69208400000,71623500000,74827400000,80322313000,83914521300,87276164400,89524131600,93639300000,96385600000,98381300000,1.00E+11,1.02E+11,1.02E+11,1.02E+11,1.6006E+12
192,"Korea, Dem. People’s Rep.",PRK,,,,,,,,,,,,,,,,,,,,,,0
193,Portugal,PRT,99698453261,1.18E+11,1.23E+11,1.17E+11,1.24E+11,1.27E+11,1.18E+11,1.22E+11,1.34E+11,1.65E+11,1.89E+11,1.97E+11,2.09E+11,2.40E+11,2.62E+11,2.44E+11,2.38E+11,2.45E+11,2.16E+11,2.26E+11,2.30E+11,3.7437E+12
194,Paraguay,PRY,7870982005,9062131475,9788391781,9965225678,9260481572,8837070236,8855705140,8495806432,7196260657,7691367471,9624440836,10737500188,13429430050,17856270473,24578067861,22341754514,27215968616,33715524704,33283228891,38585317743,40276532541,3.58667E+11
195,West Bank and Gaza,PSE,2843300000,3282800000,3409600000,3759800000,4067800000,4271200000,4313600000,4003700000,3555800000,3968000000,4329200000,4831800000,4910100000,5505800000,6673500000,7268200000,8913100000,10465400000,11279400000,12476000000,12715600000,1.26844E+11
196,Pacific island small states,PSS,3457409495,3730011431,3999190665,3989980849,3409647153,3728512705,3444110965,3371091880,3545570346,4151872085,4792905779,5264852378,5538564572,6079247462,6556133688,5776686942,6416533301,7632301836,8148861957,8440652847,9174063771,1.10648E+11
197,Post-demographic dividend,PST,2.24E+13,2.48E+13,2.50E+13,2.45E+13,2.46E+13,2.58E+13,2.63E+13,2.60E+13,2.71E+13,3.04E+13,3.38E+13,3.56E+13,3.75E+13,4.09E+13,4.32E+13,4.07E+13,4.25E+13,4.56E+13,4.55E+13,4.60E+13,4.69E+13,7.151E+14
198,French Polynesia,PYF,3522272321,3982374846,3954696874,3567062512,3775160797,3797016069,3447543138,,,,,,,,,,,,,,,26046126557
199,Qatar,QAT,7374450769,8137911978,9059340385,11297802115,10255495027,12393131868,17759890110,17538461538,19363736264,23533791209,31734065934,44530494505,60882142857,79712087912,1.15E+11,97798351648,1.25E+11,1.68E+11,1.87E+11,1.99E+11,2.06E+11,1.45137E+12
200,Romania,ROU,30074440483,37435317265,36937074278,35574916295,41694118973,35952781582,37253259017,40394824679,46066101951,57806506024,74972669057,98452791983,1.22E+11,1.75E+11,2.14E+11,1.74E+11,1.66E+11,1.83E+11,1.71E+11,1.91E+11,2.00E+11,2.16861E+12
201,Russian Federation,RUS,3.95E+11,3.96E+11,3.92E+11,4.05E+11,2.71E+11,1.96E+11,2.60E+11,3.07E+11,3.45E+11,4.30E+11,5.91E+11,7.64E+11,9.90E+11,1.30E+12,1.66E+12,1.22E+12,1.52E+12,2.05E+12,2.21E+12,2.30E+12,2.06E+12,2.0062E+13
202,Rwanda,RWA,753636370.5,1293535011,1382334879,1851558302,1989343495,1898608710,1813938653,1749262233,1749314001,1923071486,2174623213,2685133231,3116128156,3811474436,4867560259,5373088997,5783152633,6563320570,7334917697,7621923308,8016591928,73752517569
203,South Asia,SAS,4.32E+11,4.80E+11,5.25E+11,5.51E+11,5.58E+11,5.98E+11,6.22E+11,6.39E+11,6.70E+11,7.83E+11,9.07E+11,1.04E+12,1.20E+12,1.50E+12,1.53E+12,1.68E+12,2.06E+12,2.27E+12,2.30E+12,2.36E+12,2.58E+12,2.5285E+13
204,Saudi Arabia,SAU,1.35E+11,1.43E+11,1.59E+11,1.66E+11,1.47E+11,1.62E+11,1.90E+11,1.84E+11,1.90E+11,2.16E+11,2.59E+11,3.28E+11,3.77E+11,4.16E+11,5.20E+11,4.29E+11,5.28E+11,6.71E+11,7.36E+11,7.47E+11,7.56E+11,7.459E+12
205,Sudan,SDN,12794192334,13829744879,9018243044,11681494637,11250327988,10682045258,12257418326,13182979784,14803189093,17646503525,21457470203,26524538566,35822408612,45898948564,54526580232,53150209168,65634109237,67327289320,68125631150,72065940086,82151588419,7.19831E+11
206,Senegal,SEN,4908415369,6176312552,6413189839,5915250258,6368265194,6512207622,5924239701,6174898370,6752510283,8683229268,10167441854,11022821632,11847848225,14285970085,16949789465,16248212852,16215069256,17878780185,17825417949,18960182371,19770840286,2.35001E+11
207,Singapore,SGP,73690847191,87810991957,96295886525,1.00E+11,85728310229,86284660767,96074477958,89794943350,92537752709,97645448284,1.15E+11,1.28E+11,1.49E+11,1.81E+11,1.94E+11,1.94E+11,2.40E+11,2.79E+11,2.95E+11,3.08E+11,3.15E+11,3.30386E+12
208,Solomon Islands,SLB,464756638.5,519334096.7,565163750.6,567919502.8,471177008.1,482214092.3,435103853.5,400463452.1,341661643.6,332738245.9,375111894.9,413909879.3,456705434,516074229,608229326.7,597765363.1,681151190,932725578.8,1063879451,1129787202,1172268296,12528140129
209,Sierra Leone,SLE,911915970.7,870758739.4,941742152.7,850218033.6,672375927.3,669384768.9,635874002.2,1090467712,1253340520,1385810072,1448536631,1650494367,1885112202,2158496873,2505458705,2453899847,2578026297,2942546781,3801862611,4920343195,5015157816,40641823224
210,El Salvador,SLV,7679384000,8921947100,9586327800,10221705900,10936669900,11284197000,11784927700,12282533600,12664190300,13243892200,13724810900,14698001400,15999886400,17011750900,17986886200,17601616000,18447920000,20283780000,21386160000,21990970000,22593470000,3.10331E+11
211,San Marino,SMR,,,,,,1215640315,1101897918,1160626398,1253529080,1600451467,1877328036,1958711603,2092585623,2488365727,2752307016,2363156432,2139072848,2054489853,1800077091,1865374403,1788510017,29512123827
212,Somalia,SOM,,,,,,,,,,,,,,,,,,,,3368199008,3340389106,6708588114
213,Serbia,SRB,,16750000000,20948677840,24147996550,18284194680,18409364147,6540245607,12267175481,16116843146,21188704081,24861484994,27683225959,32482070360,43170990616,52194221469,45162894381,41819468692,49258136129,43309252921,48394238300,47062205547,6.10051E+11
214,Sub-Saharan Africa (excluding high income),SSA,3.10E+11,3.56E+11,3.67E+11,3.82E+11,3.68E+11,3.72E+11,3.96E+11,3.78E+11,4.12E+11,5.17E+11,6.43E+11,7.64E+11,9.08E+11,1.05E+12,1.21E+12,1.15E+12,1.37E+12,1.55E+12,1.63E+12,1.74E+12,1.83E+12,1.7703E+13
215,South Sudan,SSD,,,,,,,,,,,,,,,15550136279,12231362023,15727363443,17826697892,10368813559,13257627119,13282033898,98244034213
216,Sub-Saharan Africa,SSF,3.11E+11,3.56E+11,3.68E+11,3.82E+11,3.69E+11,3.72E+11,3.97E+11,3.78E+11,4.12E+11,5.17E+11,6.44E+11,7.65E+11,9.09E+11,1.06E+12,1.21E+12,1.15E+12,1.37E+12,1.55E+12,1.64E+12,1.74E+12,1.83E+12,1.773E+13
217,Small states,SST,84225062461,95525994533,1.02E+11,1.09E+11,1.09E+11,1.17E+11,1.29E+11,1.30E+11,1.39E+11,1.66E+11,2.00E+11,2.39E+11,2.77E+11,3.33E+11,4.02E+11,3.43E+11,3.94E+11,4.77E+11,5.00E+11,5.17E+11,5.31E+11,5.39375E+12
218,Sao Tome and Principe,STP,,,,,,,,75951127.73,85171074.21,102085766.5,114582285.8,136450661.3,142775106.8,149146923.1,188021168.8,187821029,197454052.1,233213521.7,252560556,302925488.1,348941656.4,2517100418
219,Suriname,SUR,605492537.3,691590497.7,861411471.3,926422500,1110850000,886290697.7,947671969.7,834279357.8,1093574468,1274190311,1484092538,1793388732,2626493057,2936440801,3532961749,3875555556,4368398048,4422276622,4980000000,5145757576,5240606061,49637744551
220,Slovak Republic,SVK,20079363626,25733043137,27821913815,27660149541,29828899206,30415095887,29114875622,30703017450,35083608131,46731767494,57240535138,62697540107,70596729394,86304245825,1.00E+11,88945625174,89501012916,98181259740,93413992956,98478349315,1.01E+11,1.24953E+12
221,Slovenia,SVN,14993821209,21273055398,21480023017,20749140606,22125435372,22689994990,20342201356,20875387068,23563576758,29697448108,34470227454,36346974008,39587732029,48114688201,55589849128,50244793832,48013606745,51290792018,46352802766,48116256926,49889553216,7.25807E+11
222,Sweden,SWE,2.26E+11,2.64E+11,2.88E+11,2.65E+11,2.67E+11,2.71E+11,2.60E+11,2.40E+11,2.64E+11,3.32E+11,3.82E+11,3.89E+11,4.21E+11,4.88E+11,5.15E+11,4.30E+11,4.89E+11,5.64E+11,5.44E+11,5.79E+11,5.74E+11,8.052E+12
223,Eswatini,SWZ,1419293455,1698982438,1602760100,1716699913,1576904292,1547884442,1738100853,1542477309,1432228125,2197612701,2770082792,3178126492,3291353836,3469363996,3294093485,3580417067,4438778424,4820499924,4823831657,4560713074,4377293816,59077498191
224,Sint Maarten (Dutch part),SXM,,,,,,,,,,,,,,,,,,,,,,0
225,Seychelles,SYC,486451204.6,508221508.2,503068472.2,562958836.5,608369282.2,622985493.7,614879764.8,622262057.2,697518248.2,705704816,839319927.3,919103254.5,1016418229,1033561654,967199594,847397850.1,969936525.3,1065826670,1060226126,1328157609,1343007845,17322574968
226,Syrian Arab Republic,SYR,10122020000,11396706587,13789560878,14505233969,15200846138,15873875969,19325894913,21099833784,21582248882,21828144686,25086930693,28858965517,33332844575,40405006007,,,,,,,,2.92408E+11
227,Turks and Caicos Islands,TCA,,,,,,,,358744800,366707910,409753640,485598810,578645760,721891470,773489740,862683630,703175750,686787810,728789570,715722770,740776770,823968140,8956736570
228,Chad,TCD,1179837955,1445919970,1607345450,1544689503,1744794457,1534673583,1385058162,1709347793,1987622279,2736666516,4414929220,6646663561,7422102656,8638711443,10351932604,9253484108,10657705536,12156380425,12368071039,12949854263,13922223234,1.25658E+11
229,East Asia & Pacific (IDA & IBRD countries),TEA,1.06E+12,1.31E+12,1.51E+12,1.56E+12,1.43E+12,1.57E+12,1.73E+12,1.84E+12,2.04E+12,2.31E+12,2.68E+12,3.10E+12,3.73E+12,4.72E+12,5.98E+12,6.48E+12,7.85E+12,9.60E+12,1.07E+13,1.18E+13,1.27E+13,9.57E+13
230,Europe & Central Asia (IDA & IBRD countries),TEC,8.37E+11,9.25E+11,9.50E+11,9.79E+11,9.46E+11,8.20E+11,8.92E+11,9.07E+11,1.02E+12,1.25E+12,1.62E+12,2.03E+12,2.46E+12,3.16E+12,3.92E+12,3.11E+12,3.64E+12,4.42E+12,4.61E+12,4.90E+12,4.64E+12,4.8036E+13
231,Togo,TGO,982624324.5,1309382885,1465448290,1498950899,1587345951,1576094566,1488185772,1481141850,1698678686,2111093198,2255942249,2280575830,2349495621,2659095101,3310277927,3365711796,3426022206,3867391618,3873529926,4320427496,4568900620,51476316812
232,Thailand,THA,1.47E+11,1.69E+11,1.83E+11,1.50E+11,1.14E+11,1.27E+11,1.26E+11,1.20E+11,1.34E+11,1.52E+11,1.73E+11,1.89E+11,2.22E+11,2.63E+11,2.91E+11,2.82E+11,3.41E+11,3.71E+11,3.98E+11,4.20E+11,4.07E+11,4.779E+12
233,Tajikistan,TJK,1522018436,1231567145,1043654822,921572114.5,1320242081,1086605267,860521119.3,1080768907,1221120799,1555301496,2076182461,2312327536,2830220713,3719506173,5161337336,4979481980,5642178580,6522732203,7633049792,8448469838,9112544556,70281403355
234,Turkmenistan,TKM,2561118608,2482228440,2378759975,2450349634,2605688065,2450564468,2904662605,3534803922,4461978499,5977560877,6838351088,8103901996,10276674365,12664165103,19271523179,20214385965,22583157895,29233333333,35164210526,39197543860,43524210526,2.78879E+11
235,Latin America & the Caribbean (IDA & IBRD countries),TLA,1.72E+12,1.83E+12,1.99E+12,2.19E+12,2.20E+12,1.97E+12,2.17E+12,2.12E+12,1.88E+12,1.92E+12,2.22E+12,2.71E+12,3.18E+12,3.77E+12,4.40E+12,4.12E+12,5.15E+12,5.88E+12,5.94E+12,6.08E+12,6.20E+12,6.964E+13
236,Timor-Leste,TLS,,,,,,,439646121.6,517708470.6,510677040.1,543315609.4,1078373729,1813708128,2657842665,2881040228,4391368105,3199666691,3998961314,5672048723,6661664575,5637671696,4041636957,44045330053
237,Middle East & North Africa (IDA & IBRD countries),TMN,2.96E+11,3.38E+11,3.92E+11,4.02E+11,4.08E+11,4.32E+11,4.47E+11,4.63E+11,4.50E+11,5.08E+11,5.89E+11,6.94E+11,8.07E+11,9.98E+11,1.23E+12,1.19E+12,1.37E+12,1.56E+12,1.72E+12,1.61E+12,1.59E+12,1.7494E+13
238,Tonga,TON,193775943,202547013.9,219583570.1,212155124.7,188686997.3,196686674.7,202363492.2,181244788.5,182737040.1,202543202,229358214.8,262176133.7,294137737.1,300143056.9,349484427.6,318166562.8,369485198.8,423011844.3,472358251.2,450686353.7,443911052.3,5895242680
239,South Asia (IDA & IBRD),TSA,4.32E+11,4.80E+11,5.25E+11,5.51E+11,5.58E+11,5.98E+11,6.22E+11,6.39E+11,6.70E+11,7.83E+11,9.07E+11,1.04E+12,1.20E+12,1.50E+12,1.53E+12,1.68E+12,2.06E+12,2.27E+12,2.30E+12,2.36E+12,2.58E+12,2.5285E+13
240,Sub-Saharan Africa (IDA & IBRD countries),TSS,3.11E+11,3.56E+11,3.68E+11,3.82E+11,3.69E+11,3.72E+11,3.97E+11,3.78E+11,4.12E+11,5.17E+11,6.44E+11,7.65E+11,9.09E+11,1.06E+12,1.21E+12,1.15E+12,1.37E+12,1.55E+12,1.64E+12,1.74E+12,1.83E+12,1.773E+13
241,Trinidad and Tobago,TTO,4947205860,5329214163,5759537726,5737751332,6043694330,6808982521,8154338233,8824873259,9008273721,11305459802,13280275123,15982282462,18369361094,21641620050,27871587350,19172165226,22157948396,25433011405,25769329445,27110262285,27477965424,3.16185E+11
242,Tunisia,TUN,15632463424,18030876599,19587322786,20746360430,21803372267,22943685719,21473188882,22066101341,23142294436,27453084983,31183139301,32273007554,34378437265,38908069299,44856586316,43454935940,44050929160,45810626509,45044112939,46251061734,47632326088,6.66722E+11
243,Turkey,TUR,1.31E+11,1.69E+11,1.81E+11,1.90E+11,2.76E+11,2.56E+11,2.73E+11,2.00E+11,2.38E+11,3.12E+11,4.05E+11,5.01E+11,5.52E+11,6.76E+11,7.64E+11,6.45E+11,7.72E+11,8.33E+11,8.74E+11,9.51E+11,9.34E+11,1.0133E+13
244,Tuvalu,TUV,10886825.56,11025945.14,12334846.23,12700905.45,12757632.87,13687141.11,13742057.05,13196544.95,15450994.24,18231078.54,21534931.61,21839098.89,22902861.45,27030996.03,30290770.26,27101312.79,31824701.28,38713279.62,37671734.49,37507514.54,37291841.43,467723013.5
245,Tanzania,TZA,4510846968,5255221425,6496195451,7683852497,12270448700,12711213451,13375976354,13581644246,14142035080,15224257698,16675948415,18399046025,18649590248,21843529025,27941177435,29081425282,32014249841,34657139495,39650530214,45680532614,49964788814,4.3981E+11
246,Uganda,UGA,3990430447,5755818947,6044585327,6269333313,6584815847,5998563258,6193246837,5840503869,6178563591,6336696289,7940362799,9013834373,9942597780,12292813603,14239026630,18168902154,20186496527,20176025257,23114293416,24599550624,27291879819,2.46158E+11
247,Ukraine,UKR,52549555149,48213868178,44558077827,50150399792,41883241472,31580639045,31261527363,37972301335,42351593887,50084197498,64819702952,86057915585,1.08E+11,1.43E+11,1.80E+11,1.17E+11,1.36E+11,1.63E+11,1.76E+11,1.83E+11,1.34E+11,1.92148E+12
248,Upper middle income,UMC,3.40E+12,3.81E+12,4.15E+12,4.42E+12,4.38E+12,4.14E+12,4.56E+12,4.62E+12,4.63E+12,5.20E+12,6.24E+12,7.51E+12,8.93E+12,1.11E+13,1.36E+13,1.31E+13,1.59E+13,1.90E+13,2.03E+13,2.16E+13,2.23E+13,2.0289E+14
249,Uruguay,URY,17474647792,19297663097,20515543039,23969823010,25385928198,23983945191,22823255802,20898788417,13606494599,12045631093,13686329890,17362857684,19579457966,23410572634,30366213119,31660911277,40284481652,47962439304,51264390116,57531233351,57236013086,5.90347E+11
250,United States,USA,7.29E+12,7.64E+12,8.07E+12,8.58E+12,9.06E+12,9.63E+12,1.03E+13,1.06E+13,1.09E+13,1.15E+13,1.22E+13,1.30E+13,1.38E+13,1.45E+13,1.47E+13,1.44E+13,1.50E+13,1.55E+13,1.62E+13,1.68E+13,1.75E+13,2.5717E+14
251,Uzbekistan,UZB,12899156991,13350468917,13948892216,14744603774,14988971211,17078465982,13760513969,11401421329,9687788513,10134453435,12030023548,14307509839,17330833853,22311393928,29549438884,33689223673,39332770929,45915191189,51821573338,57690770140,76658542757,5.32632E+11
252,St. Vincent and the Grenadines,VCT,289438481.5,316008481.5,331489703.7,347770000,373619851.9,390719148.1,396261370.4,430039296.3,461883444.4,481806296.3,521975111.1,550728666.7,610930037,684446259.3,695428851.9,674922481.5,681225963,676129407.4,692933740.7,721208998.2,727714407.1,11056679998
253,"Venezuela, RB",VEN,58418666667,77407726244,70543211119,85843534589,91331203433,97976886247,1.17E+11,1.23E+11,92893587734,83620628582,1.12E+11,1.46E+11,1.83E+11,2.30E+11,3.16E+11,3.30E+11,3.93E+11,3.16E+11,3.81E+11,3.71E+11,4.82E+11,4.15804E+12
254,British Virgin Islands,VGB,,,,,,,,,,,,,,,,,,,,,,0
255,Virgin Islands (U.S.),VIR,,,,,,,,,3269000000,3453000000,3799000000,4439000000,4504000000,4803000000,4250000000,4203000000,4339000000,4239000000,4095000000,3762000000,3622000000,52777000000
256,Vietnam,VNM,16286433533,20736164459,24657470575,26843700442,27209602050,28683659007,31172518403,32685198735,35064105501,39552513316,45427854693,57633255618,66371664817,77414425532,99130304099,1.06E+11,1.16E+11,1.36E+11,1.56E+11,1.71E+11,1.86E+11,1.49987E+12
257,Vanuatu,VUT,219260341.1,233902114.9,245177633.2,255890221.8,262301252.8,267999225.3,272014693.1,257926881.7,262603781.8,314463144,364996869.1,394962552.3,439376794.1,526428309.9,607958616.1,610066628.7,700804286.2,792149700.7,781702874.1,801787555.9,814954307,9426727784
258,World,WLD,2.78E+13,3.09E+13,3.15E+13,3.14E+13,3.14E+13,3.25E+13,3.36E+13,3.34E+13,3.47E+13,3.89E+13,4.38E+13,4.75E+13,5.14E+13,5.80E+13,6.36E+13,6.03E+13,6.60E+13,7.34E+13,7.50E+13,7.72E+13,7.93E+13,1.0216E+15
259,Samoa,WSM,221098106.5,224865731.4,249908970.7,285475591.9,269481523.2,258833766.6,269019710.3,273088357.2,288078881.4,338838639.4,420320176.4,462649043,508503671.3,550970655.5,644132488.9,560959527.8,643046733.4,739785121.9,801168622.3,804808525.5,805162576.4,9620196421
260,Kosovo,XKX,,,,,,,1849196082,2535333632,2406270658,2790455728,3556757429,3663101604,3846819721,4655899261,5687417607,5653792720,5830463576,6691826522,6499935757,7071959639,7386891336,70126121272
261,"Yemen, Rep.",YEM,4167356037,4258788725,5785685311,6838557384,6325141676,7641102523,9652436180,9861560095,10694628092,11777966673,13872791659,16746344766,19061978586,21650532264,26910851362,25130274124,30906749533,32726417878,35401339869,40415233436,43228585321,3.83054E+11
262,South Africa,ZAF,1.40E+11,1.55E+11,1.48E+11,1.53E+11,1.38E+11,1.37E+11,1.36E+11,1.22E+11,1.15E+11,1.75E+11,2.29E+11,2.58E+11,2.72E+11,2.99E+11,2.87E+11,2.96E+11,3.75E+11,4.16E+11,3.96E+11,3.67E+11,3.51E+11,4.965E+12
263,Zambia,ZMB,3656647744,3807067122,3597220962,4303281932,3537683046,3404311977,3600683040,4094480988,4193845678,4901839731,6221077675,8331870169,12756858899,14056957976,17910858638,15328342304,20265556274,23460098340,25503370699,28045460442,27150630607,2.38128E+11
264,Zimbabwe,ZWE,6890675000,7111270700,8553146600,8529571600,6401968200,6858013100,6689957600,6777384700,6342116400,5727591800,5805598400,5755215200,5443896500,5291950100,4415702800,9665793300,12041655200,14101920300,17114849900,19091020000,19495519600,1.88105E+11
